id,Userid,Schid,created_at,updated_at
1,10987,24,2022-04-08,2099-11-26
2,11472,24,2020-01-28,2110-12-26
3,115782,24,2022-12-01,2023-12-01
4,11625,33,2023-03-01,2024-02-29
5,116845,24,2020-06-16,2099-11-26
6,12575,24,2020-01-01,2099-11-26
7,12591,24,2021-01-01,2099-11-19
8,12664,24,2022-12-01,2023-12-01
9,127857,24,2000-02-01,2111-01-10
10,13127,33,2023-03-01,2024-02-29
11,13472,33,2023-03-01,2024-02-29
12,13563,24,2021-05-05,2106-08-13
13,13821,32,2023-02-01,2024-02-01
14,13918,25,2021-05-04,2099-11-26
15,14252,24,2021-05-04,2105-07-22
16,142962,33,2023-03-01,2024-02-29
17,145876,24,2021-05-04,2055-07-15
18,14672,24,2021-02-02,2099-06-09
19,148674,24,2021-01-01,2090-12-30
20,14873,33,2023-03-01,2024-02-29
21,15167,24,2021-05-07,2099-11-26
22,15284,24,2021-03-02,2088-10-26
23,15347,26,2021-10-01,2111-01-02
24,15351,33,2023-03-01,2024-02-29
25,154725,33,2023-03-01,2024-02-29
26,15617,24,2021-02-01,2110-12-26
27,16156,24,2022-05-02,2099-11-26
28,161735,33,2023-03-01,2024-02-29
29,16241,24,2021-04-01,2099-12-30
30,16382,24,2021-05-10,2099-12-31
31,16473,24,2021-06-01,2088-06-15
32,16712,33,2023-03-01,2024-02-29
33,16834,33,2023-03-01,2024-02-29
34,16871,24,2021-05-19,2099-11-19
35,16974,22,2022-03-15,2060-12-31
36,16974,24,2023-01-01,2029-03-01
37,17143,24,2021-05-14,2099-01-30
38,17309,24,2022-06-14,2095-07-13
39,173971,23,2022-03-01,2099-07-16
40,17542,24,2021-05-01,2099-12-01
41,17961,24,2021-05-01,2099-12-31
42,18627,24,2021-05-05,2099-07-08
43,186527,24,2022-05-02,2055-07-08
44,18657,27,2022-01-01,2099-11-19
45,19272,33,2023-03-01,2024-02-29
46,19347,24,2021-06-01,2099-06-16
47,19637,28,2022-03-01,2060-12-31
48,19671,24,2021-05-10,2099-11-01
49,19837,33,2023-03-01,2024-02-29
50,209253,33,2023-03-01,2024-02-29
51,216897,24,2023-05-01,2024-04-30
52,236827,22,2022-03-01,2056-08-11
53,23814,24,2020-05-04,2099-11-26
54,271943,33,2023-03-01,2024-02-29
55,378311,24,2020-01-28,2099-11-26
56,38271,24,2020-01-28,2099-11-26
57,52543,33,2023-05-01,2024-04-30
58,52544,24,2023-05-01,2024-04-30
59,83576,24,2022-02-01,2045-07-12
60,91361,24,2022-02-01,2099-11-19
